"pc.actlvl","probability"
-25,0.379999999999998
-22,0.96
-19,2.1
-17,3.25999999999999
-14,7.22
-11,12.56
-8,20.42
-6,25.42
-3,35.08
0,47.18
