"pc.actlvl","probability"
25,1.88
0,52.3799999999999
3,41.12
6,31.72
8,25.02
11,17.36
14,11.92
17,7.32000000000001
19,5.69999999999998
22,2.93999999999998
25,2.14000000000001
